{
	// список типов сайтов
	"site_types" : {
		// "landing" : "Лендинг/Сайт-визитка",
		"corporate_catalog" : "Корпоративный сайт/<br>Сайт-каталог",
		"store"	: "Интернет-магазин"
	},

	"table_services":[
		"Контроль и мониторинг работоспособности сайта",
		"Резервное копирование и восстановление",
		"Взаимодействие с хостинг-провайдером",
		"Администрирование сервера",
		"Консультирование по работе с Битрикс",
		"Размещение информации (новости/акции/статьи)",
		"Разработка баннера",
		"Консультации по SEO",
		"Разработка плана по улучшению сайта",
		"Ведение 1 рекламной компании в Яндекс либо Google",
		"Услуги любого специалиста"
	],

	// список тарифов
	"tariffs" : [
		{
			"name" : "Эконом",
			"hours" : 1, // Кол-во нормо-часов, включенных в тариф
			"price" : { // цена за каждый тип сайта
				"landing": 1800,
				"corporate_catalog": 1800,
				"store": 2800
			},
			"service" : ["+", "+", "+", "+", "0.5ч", "1шт", "-", "-", "-", "-", "-"] // услуга
		},
		{
			"name" : "Стандарт",
			"hours" : 4,
			"price" : {
				"landing": 7200,
				"corporate_catalog": 7200,
				"store": 8400
			},
			"service" : ["+", "+", "+", "+", "1ч", "3шт", "1шт", "-", "-", "-", "1ч"]
		},
		{
			"name" : "Эксперт",
			"hours" : 16,
			"price" : {
				"landing": "-",
				"corporate_catalog": 25600,
				"store": 27400
			},
			"service" : ["+", "+", "+", "+", "2ч", "5шт", "3шт", "2ч", "2ч", "-", "6ч"]
		},
		{
			"name" : "Бизнес",
			"hours" : 36,
			"price" : {
				"landing": "-",
				"corporate_catalog": "-",
				"store": 47200
			},
			"service" : ["+", "+", "+", "+", "3ч", "7шт", "5шт", "4ч", "4ч", "6ч", "8ч"]
		}
	],

	// список пакетов
	"packages" : [
		{
			"name" : "Бизнес",
			"hours" : 50, // Количество нормо-часов в пакете
			"hour_price" : 1200, // Стоимость часа специалиста
			"validity_period" : 6, // Срок действия пакета, месяцев
			"is_free" : false, // для пакета Свободный будет свое поведение
			"free_audit" : true // акция "Бесплатный аудит сайта"
		},
		{
			"name" : "Стандарт",
			"hours" : 30,
			"hour_price" : 1400,
			"validity_period" : 3,
			"is_free" : false,
			"free_audit" : false
		},
		{
			"name" : "Базовый",
			"hours" : 10,
			"hour_price" : 1600,
			"validity_period" : 1,
			"is_free" : false,
			"free_audit" : false
		},
		{
			"name" : "Свободный",
			"hours" : "до 10",
			"hour_price" : 1800,
			"validity_period" : "-",
			"is_free" : true,
			"free_audit" : false
		}
	],

	// Список услуг для калькулятора
    "services" : {
        "Размещение новостей/акций/статей" : 0.5,
        "Размещение товаров в каталоге" : 0.25,
        "Ведение 1 рекламной кампании в Яндекс либо Google" : 6,
        "Консультации по SEO" : 2,
        "Разработка баннера" : 1.5,
        "Разработка инфографики" : 1.5,
        "Разработка формы" : 2,
        "Подключение службы доставки" : 1.5,
        "Перенос сайта на другой домен" : 2,
        "Подключение внешних виджетов, чатов и систем аналитики" : 1.5,
        "Дизайн объявления для рекламной компании" : 2
	},

	// Для блока услуг техподдержки
	"all_support_services" : [
		{
		"title": "Настройка и доработка интернет-магазина",
		"description": "Настройка и доработка корзины, каталогов, фильтра товаров, карточек товаров, скидок, купонов. Кастомизация оформления заказов и многоскладовости.",
		"image": "img/support/setup_online_store.svg"
		},
		{
		"title": "Настройка штатного функционала",
		"description": "Настройка компонентов сайта «1С-Битрикс». Настройка уведомлений, рассылки, аналитики, проактивной защиты, резервного копирования и пр.",
		"image": "img/support/setting_up_the_standard_functionality.svg"
		},
		{
		"title": "Подключение платежных систем",
		"description": "Подключение и настройка платежных систем: Сбербанк, Яндекс-касса, PayMaster и пр. Подключение онлайн-касс.",
		"image": "img/support/payment_systems.svg"
		},
		{
		"title": "Подключение служб доставки",
		"description": "Подключение и настройка служб доставки: СДЭК, PickPoint и пр. Подключение интерактивной карты и системы геолокации.",
		"image": "img/support/delivery.svg"
		},
		{
		"title": "Разработка модулей и компонентов",
		"description": "Разработка индивидуального функционала в виде модулей, отдельных блоков и компонентов сайта для «1С-Битрикс».",
		"image": "img/support/development _of_modules_and_components.svg"
		},
		{
		"title": "Разработка форм",
		"description": "Разработка форм захвата с защитой от спама. Сбор заявок на почту, в админку или в CRM-систему.",
		"image": "img/support/form.svg"
		},
		{
		"title": "Разработка почтовых шаблонов",
		"description": "Разработка индивидуальных почтовых шаблонов для рассылки через систему «1С-Битрикс».",
		"image": "img/support/development_of_mail_templates.svg"
		},
		{
		"title": "Разработка новых блоков",
		"description": "Разработка индивидуальных блоков на готовом сайте.",
		"image": "img/support/development_of_new_blocks.svg"
		},
		{
		"title": "Перенос сайта на «1С-Битрикс»",
		"description": "Перенос каталогов, верстки, функционала с любой системы на платформу «1С-Битрикс: Управление сайтом».",
		"image": "img/support/transfer_to_1CBitrix.svg"
		},
		{
		"title": "Восстановление системы после сбоя",
		"description": "Восстановление сайта на «1С-Битрикс» после неудачного обновления или вирусного заражения.",
		"image": "img/support/system_crash.svg"
		},
		{
		"title": "Настройка композитного режима",
		"description": "Композитный сайт – запатентованная технология «1С-Битрикс», которая позволяет ускорить работу сайта до 100х раз.",
		"image": "img/support/composite_mode.svg"
		},
		{
		"title": "Перевод сайта на php 7.3.",
		"description": "Восстановление сайта на «1С-Битрикс» после неудачного обновления или вирусного заражения.",
		"image": "img/support/php7.svg"
		},
		{
		"title": "Аудит производительности",
		"description": "Диагностика скорости работы сайта. Анализ производительности сервера или хостинга, корректности работы скриптов и БД.",
		"image": "img/support/performance_audit.svg"
		},
		{
		"title": "Аудит кода",
		"description": "Анализ валидности html и css. Анализ корректности адаптивной верстки.",
		"image": "img/support/audit_code.svg"
		},
		{
		"title": "PageSpeed Insights",
		"description": "Вывод сайта в зеленую зону по PageSpeed Insights",
		"image": "img/support/green_zone.svg"
		},
		{
		"title": "Аудит компонентной базы",
		"description": "Анализ корректности работы компонентов сайта и отдельных его подсистем.",
		"image": "img/support/component_base_audit.svg"
		},
		{
		"title": "Интеграция с 1С",
		"description": "Настройка выгрузки товаров и обмена с 1С. Настройка обмена с нестандартными конфигурациями.",
		"image": "img/support/integration_with_1c.svg"
		},
		{
		"title": "Интеграция с Мой.Склад",
		"description": "Настройка синхронизации интернет-магазина с «Мой склад». Интеграция как через штатные средства «1С-Битрикс», так и через API «Мой склад».",
		"image": "img/support/integration_with_my_warehouse.svg"
		},
		{
		"title": "Интеграция с Битрикс24",
		"description": "Настройка сбора лидов и заказов в CRM-систему. Подключение чатов и виджетов Битрикс24.",
		"image": "img/support/integration_with_bitrix24.svg"
		},
		{
		"title": "Нетиповая интеграция",
		"description": "Разработка интеграции с использование нештатных средств. Разработка индивидуальных планов интеграций.",
		"image": "img/support/atypical_integration.svg"
		},
		{
		"title": "Редизайн сайта",
		"description": "Разработка нового оформления сайта и отдельных его элементов. Доработка текущего интерфейса.",
		"image": "img/support/redesign.svg"
		},
		{
		"title": "Разработка мобильной версии сайта",
		"description": "Разработка адаптивного дизайна и вёрстка адаптива для готового сайта. Переработка адаптивности отдельных элементов сайта.",
		"image": "img/support/adaptive.svg"
		},
		{
		"title": "Разработка промо-страниц",
		"description": "Разработка адаптивных промо-страниц под конкретные акции и предложения.",
		"image": "img/support/promo_pages.svg"
		},
		{
		"title": "Разработка контента для сайта",
		"description": "Написание и размещение текстов, новостей, статей. Создание графических материалов, видеороликов и инфографики.",
		"image": "img/support/content_development.svg"
		},
		{
		"title": "Виджеты и аналитика",
		"description": "Подключение внешних виджетов, чатов и систем аналитики: Яндекс.Метрика, Google Analytics.",
		"image": "img/support/vidget_and_analytics.svg"
		},
		{
		"title": "Подготовка инструкций",
		"description": "Написание пошаговых инструкций по работе с сайтом на «1С-Битрикс» для менеджеров и администраторов сайта.",
		"image": "img/support/instruction.svg"
		},
		{
		"title": "Обучение",
		"description": "Обучение работе с сайтом на «1С-Битрикс»: заполнение и редактирование каталога, новостей. Работа с заказами. Рассылки. Скидки. Купоны. Аналитика.",
		"image": "img/support/learning.svg"
		}
	],

	// id яндекс метрики
	"YM_ID" : 54779350,

	// цели яндекс метрики

	"YM_GOALS": {
		// index page
		"main_page": {
			// цели на клики
			// селектор элемента : id цели
			"CLICK" : {

				// гамбургер
				".hamburger" : "click.open_menu", // открыть меню

				// виджет bitrix24
				"[data-b24-crm-button-cont]": "click.open_widget", // показать виджет bitrix24
				"button.bx-im-textarea-send-button": "submit.widget", // нажать кнопку "Отправить" на виджете bitrix24

				// меню
				".menu [href='#aboutServices']": "click.menu.to_aboutServices", // Меню: щелчок на варианты техподдержки
				".menu [href='#subscription']": "click.menu.to_subscription", // Меню: щелчок на постоянную техподдержку
				".menu [href='#support']": "click.menu.to_support", // Меню: щелчок на депозиты
				".menu [href='#support-services']": "click.menu.to_support-services", // Меню: щелчок на перечень всех услуг
				".menu [href='#recommend']": "click.menu.to_recommend", // Меню: щелчок на как мы обрабатываем заявки
				".menu [href='#footer']": "click.menu.to_footer", // Меню: щелчок на футер с контактами
				".menu .menu-list": "click.menu_item", // Меню: щелчок по любому из пунктов

				// хедер
				"header.header [data-target='#calculateTheCostModal']": "click.header.call_calculateTheCostModal", // Хедер сайта: щелчок по "Поставить задачу"

				// highlights
				".highlights [href='#aboutServices']": "click.highlights.to_aboutServices", // Блок "highlights": щелчок на варианты техподдержки

				// перечень всех услуг
				"section.support-services [data-target='#ModalRequest']": "click.support-services.call_ModalRequest", // Блок "перечень всех услуг": щелчок на "Отправить заявку"

				// варианты техподдержки
				"section.about-services [data-target='#calculateTheCostModal']": "click.about-services.call_calculateTheCostModal", // Блок "Варианты техподдержки": щелчок по разовой задаче
				"section.about-services [href='#subscription']": "click.about-services.href_subscription", // Блок "Варианты техподдержки": щелчок по постоянной техподдержке
				"section.about-services [href='#support']": "click.about-services.href_support", // Блок "Варианты техподдержки": щелчок по депозитам
				"section.about-services [data-target='#firstMonthModal']": "click.about-services.call_firstMonthModal", // Блок "Варианты техподдержки": щелчок по "Первый месяц бесплатно"
				"section.about-services [data-target='#auditModal']": "click.about-services.call_auditModal", // Блок "Варианты техподдержки": щелчок по "Аудит сайта бесплатно"

				// предложение для агенств
				"section.agency [data-target='#ModalCollaboration']": "click.agency.call_ModalCollaboration", // Блок "Предложение для агенств": щелчок по кнопке "Отправить заявку на сотрудничество"

				// постоянная техподдержка
				"section.subscription [data-target='#ModalLong'][tariffid='0']": "click.subscription.call_ModalLong.0", // Блок "Постоянная техподдержка": щелчок по кнопке "Отправить заявку", 1й тариф
				"section.subscription [data-target='#ModalLong'][tariffid='1']": "click.subscription.call_ModalLong.1", // Блок "Постоянная техподдержка": щелчок по кнопке "Отправить заявку", 2й тариф
				"section.subscription [data-target='#ModalLong'][tariffid='2']": "click.subscription.call_ModalLong.2", // Блок "Постоянная техподдержка": щелчок по кнопке "Отправить заявку", 3й тариф
				"section.subscription [data-target='#ModalLong'][tariffid='3']": "click.subscription.call_ModalLong.3", // Блок "Постоянная техподдержка": щелчок по кнопке "Отправить заявку", 4й тариф
				"section.subscription [data-target='#ModalCalculator']": "click.subscription.call_ModalCalculator", // Блок "Постоянная техподдержка": щелчок по кнопке "Оценить потребность"

				// депозиты
				"section.support [data-target='#ModalPackage'][packageid='0']": "click.support.call_ModalPackage.0", // Блок "Депозиты": щелчок по кнопке "Отправить заявку", 1й тариф
				"section.support [data-target='#ModalPackage'][packageid='1']": "click.support.call_ModalPackage.1", // Блок "Депозиты": щелчок по кнопке "Отправить заявку", 2й тариф
				"section.support [data-target='#ModalPackage'][packageid='2']": "click.support.call_ModalPackage.2", // Блок "Депозиты": щелчок по кнопке "Отправить заявку", 3й тариф
				"section.support [data-target='#ModalPackage'][packageid='3']": "click.support.call_ModalPackage.3", // Блок "Депозиты": щелчок по кнопке "Отправить заявку", 4й тариф
				"section.support [data-target='#auditModal']": "click.support.call_auditModal", // Блок "Депозиты": щелчок по кнопке "Бесплатный аудит сайта"

				// как мы обрабатываем заявки ("section.recommend ...")

				// о нас
				"section.about-us [alt='1C-Bitrix Gold Partner']": "href.about-us.we_are_gold_partner", // Блок "О нас": щелчок по картинке "Золотой партнер"
				"section.about-us [alt='Monitoring Participant']": "href.about-us.we_are_monitoring_participant", // Блок "О нас": щелчок по картинке "Участник программы качества внедрений"
				"section.about-us [alt='Kompozit']": "href.about-us.we_do_kompozit", // Блок "О нас": щелчок по картинке "Композитный сайт"
				"section.about-us [alt='1c-integration']": "href.about-us.we_do_1c-integration", // Блок "О нас": щелчок по картинке "Интеграция с 1С"

				// футер сайта
				"footer.footer .footer-bottom-privacy": "href.footer.href_privacy", // Футер сайта: щелчок по "Соглашение об использовании персональных данных"
				"footer.footer [href='policy.php']": "href.footer.href_policy", // Футер сайта: щелчок по "Политика конфиденциальности"

				// всплывающие окна
				"#ModalCalculator .requestBtn": "submit.calculator" // нажал "Оставить заявку" на калькуляторе тарифа
			},

			// цели на показ модальных окон bootstrap (работает только для модальных окон bootstrap)
			// селектор модального окна : id цели
			"MODAL_SHOW" : {
				// формы
				"#calculateTheCostModal": "show.form.calculation_form", // показать форму расчета стоимости задачи
				"#ModalLong": "show.form.form.popup_form", // показать форму заявки на постоянное обслуживание
				"#auditModal": "show.popup_form-audit", // показать форму заявки на аудит
				"#ModalPackage": "show.form.package_form.0", // показать форму заявки на депозит
				"#ModalCollaboration": "show.form.collaboration_form", // показать форму заявки на сотрудничество
				"#firstMonthModal": "show.form.popup_form-freeMonth", // показать форму заявки на бесплатный первый месяц
				"#ModalRequest": "show.form.request_form-form", // показать форму заявки на поддержку сайта

				// калькулятор
				"#ModalCalculator": "show.calculator" // показать калькулятор тарифа на постоянное обслуживание
			},

			// цели на заполнение форм
			// id формы (не селектор) : id цели
			"FORM_INPUT": {
				"calculation_form": "input.form.calculation_form", // заполнение формы расчета стоимости задачи
				"popup_form": "input.form.popup_form", // заполнение формы заявки на постоянное обслуживание
				"popup_form-audit": "input.form.popup_form-audit", // заполнение формы заявки на аудит
				"package_form": "input.form.package_form", // заполнение формы заявки на депозит
				"collaboration_form": "input.form.collaboration_form", // заполнение формы заявки на сотрудничество
				"popup_form-freeMonth": "input.form.popup_form-freeMonth", // заполнение формы заявки на бесплатный первый месяц
				// "popup_form-guarantee"
				"request_form-form": "input.form.request_form-form" // заполнение формы заявки на поддержку сайта
			},

			// цели на любую отправку формы
			// id формы (не селектор) : id цели
			"FORM_SUBMIT": {
				"calculation_form": "submit.form.calculation_form", // отправка формы расчета стоимости задачи
				"popup_form": "submit.form.popup_form", // отправка формы заявки на постоянное обслуживание
				"popup_form-audit": "submit.form.popup_form-audit", // отправка формы заявки на аудит
				"package_form": "submit.form.package_form", // отправка формы заявки на депозит
				"collaboration_form": "submit.form.collaboration_form", // отправка формы заявки на сотрудничество
				"popup_form-freeMonth": "submit.form.popup_form-freeMonth", // отправка формы заявки на бесплатный первый месяц
				// "popup_form-guarantee"
				"request_form-form": "submit.form.request_form-form" // отправка формы заявки на поддержку сайта
			},

			// цели на успешную отправку формы (получил положительный ответ от сервера)
			// id формы (не селектор) : id цели
			"FORM_SUCCESS": {
				"calculation_form": "success.form.calculation_form", // успешная отправка формы расчета стоимости задачи
				"popup_form": "success.form.popup_form", // успешная отправка формы заявки на постоянное обслуживание
				"popup_form-audit": "success.form.popup_form-audit", // успешная отправка формы заявки на аудит
				"package_form": "success.form.package_form", // успешная отправка формы заявки на депозит
				"collaboration_form": "success.form.collaboration_form", // успешная отправка формы заявки на сотрудничество
				"popup_form-freeMonth": "success.form.popup_form-freeMonth", // успешная отправка формы заявки на бесплатный первый месяц
				// "popup_form-guarantee"
				"request_form-form": "success.form.request_form-form" // успешная отправка формы заявки на поддержку сайта
			},

			// цели на ошибку отправки формы
			// id цели : id формы (не селектор)
			"FORM_ERROR": {
				"calculation_form": "error.form.calculation_form", // ошибка отправки формы расчета стоимости задачи
				"popup_form": "error.form.popup_form", // ошибка отправки формы заявки на постоянное обслуживание
				"popup_form-audit": "error.form.popup_form-audit", // ошибка отправки формы заявки на аудит
				"package_form": "error.form.package_form", // ошибка отправки формы заявки на депозит
				"collaboration_form": "error.form.collaboration_form", // ошибка отправки формы заявки на сотрудничество
				"popup_form-freeMonth": "error.form.popup_form-freeMonth", // ошибка отправки формы заявки на бесплатный первый месяц
				// "popup_form-guarantee"
				"request_form-form": "error.form.request_form-form" // ошибка отправки формы заявки на поддержку сайта
			}
		},

		// index.php page
		"send_page": {
			// цели на клики
			// селектор элемента : id цели
			"CLICK" : {
				// футер сайта
				"footer.footer .footer-bottom-privacy": "href.footer.href_privacy", // Футер сайта: щелчок по "Соглашение об использовании персональных данных"
				"footer.footer [href='policy.php']": "href.footer.href_policy" // Футер сайта: щелчок по "Политика конфиденциальности"
			},

			// цели на заполнение форм
			// id формы (не селектор) : id цели
			"FORM_INPUT": {
				"send_page_calc_form": "input.form.calculation_form" // заполнение формы расчета стоимости задачи
			},

			// цели на любую отправку формы
			// id формы (не селектор) : id цели
			"FORM_SUBMIT": {
				"send_page_calc_form": "submit.form.calculation_form" // отправка формы расчета стоимости задачи
			},

			// цели на успешную отправку формы (получил положительный ответ от сервера)
			// id формы (не селектор) : id цели
			"FORM_SUCCESS": {
				"send_page_calc_form": "success.form.calculation_form" // успешная отправка формы расчета стоимости задачи
			},

			// цели на ошибку отправки формы
			// id цели : id формы (не селектор)
			"FORM_ERROR": {
				"send_page_calc_form": "error.form.calculation_form" // ошибка отправки формы расчета стоимости задачи
			}
		}
	}
}

// Правила оформления JSON на php:
// https://secure.php.net/manual/ru/function.json-decode.php